{
	"class_name" : "PinholeCameraParameters",
	"extrinsic" : 
	[
		-0.034906102508585862,
		-0.72123649871050866,
		0.69180884421599198,
		0.0,
		-0.99163874712596789,
		0.11104674099480336,
		0.065735960576187108,
		0.0,
		-0.12423429158690874,
		-0.68372986935063729,
		-0.71908226688721755,
		0.0,
		-0.18519817410952327,
		-0.081258485184977691,
		1.3301256277898421,
		1.0
	],
	"intrinsic" : 
	{
		"height" : 1376,
		"intrinsic_matrix" : 
		[
			1191.6509556073877,
			0.0,
			0.0,
			0.0,
			1191.6509556073877,
			0.0,
			1243.5,
			687.5,
			1.0
		],
		"width" : 2488
	},
	"version_major" : 1,
	"version_minor" : 0
}