{
	"class_name" : "PinholeCameraParameters",
	"extrinsic" : 
	[
		0.99960989269333478,
		-0.015494298587956958,
		0.023237666425163356,
		0.0,
		-0.014087435138809206,
		-0.9981271037571896,
		-0.059530067331512761,
		0.0,
		0.024116521325219627,
		0.059179485098738688,
		-0.99795600200741241,
		0.0,
		-6.3199318051615094,
		-6.1118538113039804,
		105.82645933543122,
		1.0
	],
	"intrinsic" : 
	{
		"height" : 1080,
		"intrinsic_matrix" : 
		[
			935.30743608719376,
			0.0,
			0.0,
			0.0,
			935.30743608719376,
			0.0,
			959.5,
			539.5,
			1.0
		],
		"width" : 1920
	},
	"version_major" : 1,
	"version_minor" : 0
}